,vacancy_name,company_name,city,salary_min,salary_max,salary_currency,vacancy_link,site
0,Python-разработчик,Сбер. IT,Москва,,,,https://hh.ru/vacancy/46558794,www.hh.ru
1,Middle Python developer,IBA Group,Минск,,,,https://hh.ru/vacancy/44343327,www.hh.ru
2,Junior Python Developer,QIWI,Москва,,,,https://hh.ru/vacancy/46629994,www.hh.ru
3,"Junior Python разработчик ,удаленно",ООО е.Ком,Москва,По договорённости,По договорённости,-,https://hh.ru/vacancy/46428148,www.hh.ru
4,Junior Python developer (в Сочи),"ООО Привет, Интернет",Сочи,65 000,,['руб.'],https://hh.ru/vacancy/45849649,www.hh.ru
5,"Junior программист python, django, удалённо",KIAN,Барнаул,,,,https://hh.ru/vacancy/46442719,www.hh.ru
6,Python developer / data engineer (Jun->Mid),Wunder Fund,Москва,По договорённости,По договорённости,-,https://hh.ru/vacancy/46392030,www.hh.ru
7,Программист Python,ООО УРОВЕНЬ,Москва,,350 000,['руб.'],https://hh.ru/vacancy/46314108,www.hh.ru
8,Python-разработчик,ivi,Москва,По договорённости,По договорённости,-,https://hh.ru/vacancy/45309802,www.hh.ru
9,Junior Python Developer,ООО НТехЛаб,Москва,,,,https://hh.ru/vacancy/46391520,www.hh.ru
10,Junior разработчик Python Django,ООО Инсейлс Рус,Москва,По договорённости,По договорённости,-,https://hh.ru/vacancy/45517979,www.hh.ru
11,Младший Python-разработчик,"Mail.ru Group, Другое",Москва,,,,https://hh.ru/vacancy/46601004,www.hh.ru
12,Стажер SberSeasons (SQL / Python),Сбер для экспертов,Екатеринбург,,,,https://hh.ru/vacancy/46644005,www.hh.ru
13,Младший разработчик Python,Exactpro,Саратов,По договорённости,По договорённости,-,https://hh.ru/vacancy/46657884,www.hh.ru
14,Junior Python Developer (Начинающий разработчик Python),ООО Гексагон,Москва,По договорённости,По договорённости,-,https://hh.ru/vacancy/46525324,www.hh.ru
15,Python-разработчик,FunBox,Санкт-Петербург,130 000,,['руб.'],https://hh.ru/vacancy/46412760,www.hh.ru
16,"Python-разработчик (Django, DRF)",ООО Фабрика Решений,Москва,По договорённости,По договорённости,-,https://hh.ru/vacancy/39736489,www.hh.ru
17,Программист Python,ООО Карренси Ком Бел,Минск,,,,https://hh.ru/vacancy/46551542,www.hh.ru
18,Junior+ Python Back End Developer,EVO,Киев,,2 000,['USD'],https://hh.ru/vacancy/46309261,www.hh.ru
19,Разработчик Python ( middle),ООО Диджитал Энерджи,Москва,По договорённости,По договорённости,-,https://hh.ru/vacancy/46495424,www.hh.ru
20,Senior Python developer,SATVASPACE,Тверь,,250 000,['руб.'],https://hh.ru/vacancy/46674084,www.hh.ru
21,Python-developer,ООО Алма,Казань,По договорённости,По договорённости,-,https://hh.ru/vacancy/46204923,www.hh.ru
22,Разработчик на Python,ООО Телеком-Инжиниринг,Новосибирск,60 000,,['руб.'],https://hh.ru/vacancy/46368762,www.hh.ru
23,Разработчик Python,"Hi, Rockits!",Москва,,200 000,['руб.'],https://hh.ru/vacancy/43528617,www.hh.ru
24,Python Developer (Middle/Senior),Sibedge,Нижний Новгород,200 000,,['руб.'],https://hh.ru/vacancy/45312291,www.hh.ru
25,Python developer,Blue underlined link,Москва,150 000,,['руб.'],https://hh.ru/vacancy/46513996,www.hh.ru
26,Python backend developer,O.Vision,Санкт-Петербург,100 000,,['руб.'],https://hh.ru/vacancy/46245740,www.hh.ru
27,Python-разработчик,ЗАО НОРСИ-ТРАНС,Казань,По договорённости,По договорённости,-,https://hh.ru/vacancy/46603537,www.hh.ru
28,Программист Python,ООО УЦАР,Екатеринбург,По договорённости,По договорённости,-,https://hh.ru/vacancy/46265638,www.hh.ru
29,Python Программист,Сеть магазинов цифровой и бытовой техники DNS,Владивосток,100 000,,['руб.'],https://hh.ru/vacancy/46282671,www.hh.ru
30,Python Developer,LOOQME,Киев,,7 000,['USD'],https://hh.ru/vacancy/46666091,www.hh.ru
31,Senior Python Developer,Top Remote Talent,Москва,По договорённости,По договорённости,-,https://hh.ru/vacancy/46439735,www.hh.ru
32,Python-разработчик (Middle),Латера,Москва,,220 000,['руб.'],https://hh.ru/vacancy/46518997,www.hh.ru
33,Middle/Senior Python Django developer,ООО БОЛЬШАЯ ТРОЙКА,Москва,По договорённости,По договорённости,-,https://hh.ru/vacancy/46023270,www.hh.ru
34,Ведущий разработчик Python,ООО Компания БИО-ТОН,Самара,По договорённости,По договорённости,-,https://hh.ru/vacancy/45826170,www.hh.ru
35,Разработчик Python\Django (middle\senior),ООО СофтМедиаЛаб,Алматы,По договорённости,По договорённости,-,https://hh.ru/vacancy/46331441,www.hh.ru
36,Программист Python,Билайн,Новосибирск,,,,https://hh.ru/vacancy/46202371,www.hh.ru
37,Middle/Senior Python Developer,ООО Юнайтед Иншуренс Компани,Москва,,220 000,['руб.'],https://hh.ru/vacancy/46008191,www.hh.ru
38,Программист Python,ООО Симдев,Ульяновск,,,,https://hh.ru/vacancy/46554109,www.hh.ru
39,Python-разработчик в R&D отдел,ООО Селфсек,Санкт-Петербург,По договорённости,По договорённости,-,https://hh.ru/vacancy/45971230,www.hh.ru
40,Senior Python разработчик,Ассоциация IPChain,Москва,240 000,,['руб.'],https://hh.ru/vacancy/42600063,www.hh.ru
41,Python backend developer,ООО Технологии оптимизации рекламы,Санкт-Петербург,,,,https://hh.ru/vacancy/46530579,www.hh.ru
42,Python developer,Loyalty Labs,Санкт-Петербург,160 000,,['руб.'],https://hh.ru/vacancy/46046293,www.hh.ru
43,Программист Python,Деловые люди,Уссурийск,По договорённости,По договорённости,-,https://hh.ru/vacancy/46252402,www.hh.ru
44,Разработчик / Инженер-программист (Python),NGENIX,Москва,,230 000,['руб.'],https://hh.ru/vacancy/46548267,www.hh.ru
45,Data Engineer (Python),Тинькофф,Санкт-Петербург,,,,https://hh.ru/vacancy/44310016,www.hh.ru
46,Senior Backend Разработчик (Python),Life Vision,США,,4 000,['USD'],https://hh.ru/vacancy/46621851,www.hh.ru
47,Python Developer,B2Broker Киев,Киев,По договорённости,По договорённости,-,https://hh.ru/vacancy/42992983,www.hh.ru
48,Data Scientist/Python Developer (remote),Nitka Technologies,Ростов-на-Дону,,,,https://hh.ru/vacancy/46595140,www.hh.ru
49,Data Scientist/Python Developer (remote),Nitka Technologies,Самара,,,,https://hh.ru/vacancy/46595178,www.hh.ru
50,Python-разработчик,Surf,Воронеж,,,,https://hh.ru/vacancy/46674077,www.hh.ru
51,Middle/Senior Python Developer,ООО Юнайтед Иншуренс Компани,Москва,,220 000,['руб.'],https://hh.ru/vacancy/46008191,www.hh.ru
52,Python разработчик,Wanted,Кипр,,3 500,['EUR'],https://hh.ru/vacancy/46652097,www.hh.ru
53,Python-разработчик,ЗАО НОРСИ-ТРАНС,Казань,По договорённости,По договорённости,-,https://hh.ru/vacancy/46603537,www.hh.ru
54,Программист Python (Junior),ООО Открытые Бизнес Технологии,Волгоград,,,,https://hh.ru/vacancy/45795655,www.hh.ru
55,Data Scientist/Python Developer (remote),Nitka Technologies,Ижевск,,,,https://hh.ru/vacancy/46595125,www.hh.ru
56,Middle Full-Stack Python Developer,АО Казахстанская фондовая биржа,Алматы,,,,https://hh.ru/vacancy/46070213,www.hh.ru
57,Data Scientist/Python Developer (remote),Nitka Technologies,Казань,,,,https://hh.ru/vacancy/46595156,www.hh.ru
58,Senior Python developer,AppQuantum,Москва,200 000,,['руб.'],https://hh.ru/vacancy/46327140,www.hh.ru
59,Backend разработчик Django/Python,Новые технологии,Кострома,100 000,,['руб.'],https://hh.ru/vacancy/43955935,www.hh.ru
60,Middle c++\python engineer,ООО Райтек,Москва,По договорённости,По договорённости,-,https://hh.ru/vacancy/45924191,www.hh.ru
61,Back-end разработчик (Python),ООО Юникорн,Пермь,,,,https://hh.ru/vacancy/43325863,www.hh.ru
62,Junior Python - разработчик,АО Воронежский опытный завод программной продукции,Воронеж,,,,https://hh.ru/vacancy/46507141,www.hh.ru
63,Python Team Lead,WILDBERRIES,Самара,,,,https://hh.ru/vacancy/45843922,www.hh.ru
64,Middle Python Developer,NIX,Харьков,,,,https://hh.ru/vacancy/45273971,www.hh.ru
65,Middle/Senior Python Developer (Программист Python),Rainforest Life Pte Ltd,Санкт-Петербург,,,,https://hh.ru/vacancy/46100593,www.hh.ru
66,Lead Python Engineer (FinTech),ООО 4bill,Киев,,,,https://hh.ru/vacancy/46671917,www.hh.ru
67,Разработчик Python,Shterkel Systems,Челябинск,По договорённости,По договорённости,-,https://hh.ru/vacancy/46500642,www.hh.ru
68,Разработчик Python,АО ФинТех,Москва,,,,https://hh.ru/vacancy/46522204,www.hh.ru
69,Python Developer,ООО Цифровое проектирование,Санкт-Петербург,,,,https://hh.ru/vacancy/42516416,www.hh.ru
70,"Web-разработчик (React, Python)",BeeJee,Киев,По договорённости,По договорённости,-,https://hh.ru/vacancy/45795350,www.hh.ru
71,Full Stack Developer (Python),ООО 4bill,Киев,,,,https://hh.ru/vacancy/46671993,www.hh.ru
72,Python-разработчик,ООО Регистратор доменных имен РЕГ.РУ,Самара,,,,https://hh.ru/vacancy/40404075,www.hh.ru
73,Бэкенд-разработчик (Python)/ Middle Python/ Python Developer (Remote),"ЮТэйр, Авиакомпания",Самара,По договорённости,По договорённости,-,https://hh.ru/vacancy/45244551,www.hh.ru
74,Middle / Senior Python Software Engineer,Godel Technologies Europe,Киев,,,,https://hh.ru/vacancy/46666387,www.hh.ru
75,Middle/Senior python/Go разработчик,Quiet Media,Москва,,,,https://hh.ru/vacancy/44685175,www.hh.ru
76,Senior Python developer,AppQuantum,Москва,200 000,,['руб.'],https://hh.ru/vacancy/46327140,www.hh.ru
77,Python программист (Наставник онлайн-курса по Python),Hexlet,Москва,,,,https://hh.ru/vacancy/46207062,www.hh.ru
78,Middle Python Developer,ScrumLaunch,Харьков,,,,https://hh.ru/vacancy/44947255,www.hh.ru
79,Python разработчик (middle),MyTona,Санкт-Петербург,,,,https://hh.ru/vacancy/45528071,www.hh.ru
80,Разработчик Python,ООО ЕВАППС,Тула,По договорённости,По договорённости,-,https://hh.ru/vacancy/44936197,www.hh.ru
81,Python Developer,OpenWeather,Москва,2 000,,['EUR'],https://hh.ru/vacancy/46351042,www.hh.ru
82,Backend Python Developer (удалённо),IT_Selection,Москва,По договорённости,По договорённости,-,https://hh.ru/vacancy/46510274,www.hh.ru
83,Lead Python Developer (SaaS/Remote),Hunt For You,Москва,По договорённости,По договорённости,-,https://hh.ru/vacancy/46547779,www.hh.ru
84,Инженер-программист Python,Центр финансовых технологий,Новосибирск,,,,https://hh.ru/vacancy/41959154,www.hh.ru
85,Ведущий Python разработчик,АО АСТ,Москва,,250 000,['руб.'],https://hh.ru/vacancy/46246724,www.hh.ru
86,Python разработчик,ПИК-БРОКЕР,Москва,,,,https://hh.ru/vacancy/45471612,www.hh.ru
87,Программист Python,ООО Прикладные технологии,Екатеринбург,,,,https://hh.ru/vacancy/42794572,www.hh.ru
88,Middle/Senior Python Developer,Scalable Solutions,Санкт-Петербург,По договорённости,По договорённости,-,https://hh.ru/vacancy/43856438,www.hh.ru
89,Python Developer,ООО Mad Devs,Краснодар,,,,https://hh.ru/vacancy/46593145,www.hh.ru
90,Python Backend Developer,ООО Napoleon IT,Красноярск,,,,https://hh.ru/vacancy/46224936,www.hh.ru
91,Python developer,ООО АйТи Мегастар,Новосибирск,По договорённости,По договорённости,-,https://hh.ru/vacancy/42864896,www.hh.ru
92,Senior Python-разработчик,IBIT,Москва,,,,https://hh.ru/vacancy/46215008,www.hh.ru
93,Senior Python Back-end Developer (Remote),AppFollow,Москва,,3 500,['EUR'],https://hh.ru/vacancy/46670557,www.hh.ru
94,Backend разработчик (Python),ООО Скайлав Рус,Москва,,,,https://hh.ru/vacancy/43944761,www.hh.ru
95,Python developer,ООО АйТи Мегастар,Омск,По договорённости,По договорённости,-,https://hh.ru/vacancy/45728417,www.hh.ru
96,Python Backend Developer,Intel Corporation,Москва,,,,https://hh.ru/vacancy/46605214,www.hh.ru
97,Разработчик Python (Афиша),Rambler Group,Москва,,,,https://hh.ru/vacancy/43341449,www.hh.ru
98,Python разработчик Middle,ООО Строительный Двор,Москва,,,,https://hh.ru/vacancy/40657939,www.hh.ru
99,Python Developer,Belitsoft,Минск,,,,https://hh.ru/vacancy/46661358,www.hh.ru
100,Python developer,GeekBrains,Москва,,,,https://hh.ru/vacancy/46308021,www.hh.ru
101,Разработчик Python,ПАО Первая Грузовая Компания,Москва,,,,https://hh.ru/vacancy/46309683,www.hh.ru
102,Программист-разработчик Python,АО Гринатом,Томск,,,,https://hh.ru/vacancy/46275968,www.hh.ru
103,Программист-разработчик Python,АО Гринатом,Казань,,,,https://hh.ru/vacancy/46275970,www.hh.ru
104,Middle Python-разработчик в команду Navi,2ГИС,Нижний Новгород,,,,https://hh.ru/vacancy/44385711,www.hh.ru
105,Middle/Senior Python Developer for AlmaLinux,Cloud Linux,Минск,,,,https://hh.ru/vacancy/46342298,www.hh.ru
106,Python developer Банк 131,FIX,Казань,,,,https://hh.ru/vacancy/45622341,www.hh.ru
107,Разработчик Python,ООО Комплексные Системы,Екатеринбург,,,,https://hh.ru/vacancy/46233241,www.hh.ru
108,Python разработчик,ООО Альфа Лайн,Тольятти,По договорённости,По договорённости,-,https://hh.ru/vacancy/46150486,www.hh.ru
109,Senior Python-разработчик,Тинькофф,Челябинск,,,,https://hh.ru/vacancy/42202145,www.hh.ru
110,QA Software Test Automation Engineer - Python Java,XM,Кипр,,,,https://hh.ru/vacancy/46447267,www.hh.ru
111,Full Stack Software Developer (Python),ООО Орион Софт,Минск,,,,https://hh.ru/vacancy/46092346,www.hh.ru
112,Python developer,ГОРОД,Москва,190 000,,['руб.'],https://hh.ru/vacancy/46161285,www.hh.ru
113,Программист / Разработчик Python/Django (middle/senior),CATAPULTO.RU,Омск,По договорённости,По договорённости,-,https://hh.ru/vacancy/46253858,www.hh.ru
114,Python Developer,Девхаб,Минск,,,,https://hh.ru/vacancy/39892371,www.hh.ru
115,Ночной Змей | Python разработчик Senior/Team Lead,ООО Лидми сейлс девсолюшн,Минск,По договорённости,По договорённости,-,https://hh.ru/vacancy/46211196,www.hh.ru
116,Senior Python Developer,HARMAN Connected Services,Нижний Новгород,,,,https://hh.ru/vacancy/46390544,www.hh.ru
117,Разработчик Python,ЭР-Телеком,Екатеринбург,,,,https://hh.ru/vacancy/46091410,www.hh.ru
118,Разработчик Python,ЭР-Телеком,Пермь,,,,https://hh.ru/vacancy/46091411,www.hh.ru
119,Python разработчик Middle,ООО Строительный Двор,Тюмень,По договорённости,По договорённости,-,https://hh.ru/vacancy/37029603,www.hh.ru
120,Разработчик Python,ПАО БАНК УРАЛСИБ,Москва,,,,https://hh.ru/vacancy/46512716,www.hh.ru
121,Разработчик в тестировании/SDET (Python),"СимбирСофт,ООО",Казань,,,,https://hh.ru/vacancy/46237924,www.hh.ru
122,Python developer,B2Broker Москва,Минск,По договорённости,По договорённости,-,https://hh.ru/vacancy/45610689,www.hh.ru
123,Senior developer Python (работа с данными),ООО Регистратор доменных имен РЕГ.РУ,Самара,,,,https://hh.ru/vacancy/38767775,www.hh.ru
124,Python Developer,ООО Страховая компания «Сбербанк страхование»,Москва,,,,https://hh.ru/vacancy/45160320,www.hh.ru
125,Инженер-разработчик Python,S8 Capital,Москва,,,,https://hh.ru/vacancy/46367489,www.hh.ru
126,Python-разработчик,ООО Регистратор доменных имен РЕГ.РУ,Самара,,,,https://hh.ru/vacancy/40404075,www.hh.ru
127,Junior Python Developer,Лаборатория Касперского,Москва,,,,https://hh.ru/vacancy/46487121,www.hh.ru
128,Full-Stack Python Разработчик (Django),ОАО Межрегиональный ТранзитТелеком (ОАО МТТ),Москва,,,,https://hh.ru/vacancy/44738683,www.hh.ru
129,Python developer (Big Data),"EPAM Systems, Inc.",Москва,,,,https://hh.ru/vacancy/40289976,www.hh.ru
130,Python backend developer (он-лайн кинотеатр KION),"ПАО «МТС», IT",Москва,,,,https://hh.ru/vacancy/46499114,www.hh.ru
131,Python developer (Middle / Senior),Big Data Solutions,Санкт-Петербург,,,,https://hh.ru/vacancy/44828907,www.hh.ru
132,Python developer,MOS.RU,Санкт-Петербург,,,,https://hh.ru/vacancy/46523942,www.hh.ru
133,Middle/Senior Python разработчик,QIWI,Москва,,,,https://hh.ru/vacancy/44779981,www.hh.ru
134,Python Developer (Backend),ТОО TargetAI Limited,Нур-Султан,,,,https://hh.ru/vacancy/46501234,www.hh.ru
135,Инженер-программист Python,ПАО Магнитогорский металлургический комбинат,Новосибирск,,,,https://hh.ru/vacancy/45398267,www.hh.ru
136,Backend разработчик (Python),ООО Скайлав Рус,Красноярск,,,,https://hh.ru/vacancy/42152515,www.hh.ru
137,Web-разработчик (Python),Доктор Веб,Москва,,,,https://hh.ru/vacancy/45814971,www.hh.ru
138,Senior Python разработчик,Positive Technologies,Новосибирск,,,,https://hh.ru/vacancy/46569161,www.hh.ru
139,Программист Python,ООО МАРК,Москва,100 000,,['руб.'],https://hh.ru/vacancy/46107111,www.hh.ru
140,Middle Python Developer for CloudLinux OS,Cloud Linux,Киев,,,,https://hh.ru/vacancy/46074857,www.hh.ru
141,Программист Python,ООО Регистратор доменных имен РЕГ.РУ,Нижний Новгород,,,,https://hh.ru/vacancy/42007512,www.hh.ru
142,Senior Python разработчик в SberDevices (команда SmartMarket),Сбер. IT,Москва,,,,https://hh.ru/vacancy/42667366,www.hh.ru
143,Python Backend Engineer (remote),AppFollow,Санкт-Петербург,,3 500,['EUR'],https://hh.ru/vacancy/46491941,www.hh.ru
144,Python разработчик (Senior),USETECH,Москва,,,,https://hh.ru/vacancy/46521198,www.hh.ru
145,Python Backend Engineer (remote),AppFollow,Нижний Новгород,,3 500,['EUR'],https://hh.ru/vacancy/46491942,www.hh.ru
146,Middle Backend Python/Django разработчик (удалённо),Школа программирования Kodland,Москва,По договорённости,По договорённости,-,https://hh.ru/vacancy/44362486,www.hh.ru
147,Преподаватель по курсу Python и Анализу данных,Ozon Офис и Коммерция,Москва,,,,https://hh.ru/vacancy/46267016,www.hh.ru
148,Python Разработчик (machine learning),Лаборатория Касперского,Москва,,,,https://hh.ru/vacancy/46017272,www.hh.ru
149,Junior Python Developer,Admitad,Москва,100 000,,['руб.'],https://hh.ru/vacancy/46420684,www.hh.ru
150,Python Backend Engineer (remote),AppFollow,Москва,,3 500,['EUR'],https://hh.ru/vacancy/46491940,www.hh.ru
151,Middle Python Developer for CloudLinux OS,Cloud Linux,Львов,,,,https://hh.ru/vacancy/46052544,www.hh.ru
152,Python Developer (SPB/Remote),Grid Dynamics,Санкт-Петербург,,,,https://hh.ru/vacancy/43536761,www.hh.ru
153,Программист-аналитик Python,ООО Регистратор доменных имен РЕГ.РУ,Москва,,,,https://hh.ru/vacancy/42007370,www.hh.ru
154,Python разработчик в HR tech,Яндекс,Москва,,,,https://hh.ru/vacancy/46476172,www.hh.ru
155,"Full-stack Developer (React, Python)",Qenetex,Москва,,,,https://hh.ru/vacancy/46172185,www.hh.ru
156,Программист Python / Go,Selecty,Москва,,,,https://hh.ru/vacancy/46521777,www.hh.ru
157,Backend developer Python (middle/senior),Ростелеком - Центры обработки данных,Москва,,,,https://hh.ru/vacancy/44817772,www.hh.ru
158,Стажер-программист Python,ООО ЦАР ОТРАДА,Курск,15 000,,['руб.'],https://hh.ru/vacancy/46412210,www.hh.ru
159,Разработчик Solidity + Python,Barter Smartplace,Владимир,150 000,,['руб.'],https://hh.ru/vacancy/46455824,www.hh.ru
160,Python разработчик,Okko,Санкт-Петербург,,,,https://hh.ru/vacancy/46020898,www.hh.ru
161,Senior Python Разработчик,Softline,Санкт-Петербург,,,,https://hh.ru/vacancy/46536074,www.hh.ru
162,Middle++/Senior Python developer,БЕТА,Санкт-Петербург,160 000,,['руб.'],https://hh.ru/vacancy/46455110,www.hh.ru
163,Python-разработчик,АО НИИ МАСШТАБ,Санкт-Петербург,,,,https://hh.ru/vacancy/45713972,www.hh.ru
164,Middle/Senior Python-разработчик в SberDevices (команда Video Shopping),Сбер. IT,Санкт-Петербург,,,,https://hh.ru/vacancy/42389533,www.hh.ru
165,Middle Python Developer for CloudLinux OS [Remote],Cloud Linux,Москва,,,,https://hh.ru/vacancy/46052372,www.hh.ru
166,Python Developer / Разработчик Python,ООО МайтиТех,Москва,100 000,,['руб.'],https://hh.ru/vacancy/45229185,www.hh.ru
167,Middle Python Developer for CloudLinux OS [Remote],Cloud Linux,Санкт-Петербург,,,,https://hh.ru/vacancy/46052524,www.hh.ru
168,Python разработчик в SberDevices (направление Речевые Технологии),Сбер. IT,Москва,,,,https://hh.ru/vacancy/41136942,www.hh.ru
169,Разработчик на Python в Лавку,Яндекс,Москва,,,,https://hh.ru/vacancy/46440166,www.hh.ru
170,Senior Python Engineer,Epam Systems Ukraine,Харьков,,,,https://hh.ru/vacancy/46154570,www.hh.ru
171,Middle developer C/Python on Linux - KernelCare [Remote],Cloud Linux,Ростов-на-Дону,,,,https://hh.ru/vacancy/46252916,www.hh.ru
172,Мидл Разработчик Python/Django,ООО Куаликс,Уфа,90 000,,['руб.'],https://hh.ru/vacancy/46403998,www.hh.ru
173,Программист Python,Future Proof Technology,Киев,По договорённости,По договорённости,-,https://hh.ru/vacancy/46380909,www.hh.ru
174,Python Developer (middle/senior),GOST-group,Москва,,200 000,['руб.'],https://hh.ru/vacancy/45776335,www.hh.ru
175,Senior Python Developer for Imunify,Cloud Linux,Киев,,,,https://hh.ru/vacancy/45751975,www.hh.ru
176,Fullstack-developer (Python + JS),BrainShells,Москва,По договорённости,По договорённости,-,https://hh.ru/vacancy/46372339,www.hh.ru
177,Senior Python Developer продукт NLP платформа (MTS AI),"ПАО «МТС», IT",Москва,,,,https://hh.ru/vacancy/46041010,www.hh.ru
178,Программист Python,Тензор,Новосибирск,По договорённости,По договорённости,-,https://hh.ru/vacancy/42571241,www.hh.ru
179,Разработчик backend Python,ООО Кловер Групп,Москва,,,,https://hh.ru/vacancy/43111211,www.hh.ru
180,Ведущий Разработчик Python офлайн интеграции,ООО РСХБ-Интех,Москва,,,,https://hh.ru/vacancy/46528249,www.hh.ru
181,Python-разработчик (Middle),ООО Опендэв,Саратов,,,,https://hh.ru/vacancy/43794824,www.hh.ru
182,"Middle, senior (C++, Python) инженер",ООО FITTIN,Воронеж,По договорённости,По договорённости,-,https://hh.ru/vacancy/46364911,www.hh.ru
183,Python-разработчик в SberDevices (команда SmartMarket),Сбер. IT,Москва,,,,https://hh.ru/vacancy/43032430,www.hh.ru
184,Python Fullstack Developer,Playrix,Новосибирск,,,,https://hh.ru/vacancy/46353153,www.hh.ru
185,Middle Python developer,АО РТСофт,Екатеринбург,,,,https://hh.ru/vacancy/43809461,www.hh.ru
186,Python developer,ООО Специальный Технологический Центр,Санкт-Петербург,,,,https://hh.ru/vacancy/43046032,www.hh.ru
187,Бэкенд-разработчик (Python)/ Middle Python/ Python Developer (Remote),"ЮТэйр, Авиакомпания",Белгород,По договорённости,По договорённости,-,https://hh.ru/vacancy/45654903,www.hh.ru
188,Python Developer,XWAY,Москва,,,,https://hh.ru/vacancy/44954408,www.hh.ru
189,Middle/Senior Python Developer for AlmaLinux [Remote],Cloud Linux,Красноярск,,,,https://hh.ru/vacancy/46344090,www.hh.ru
190,Junior/Middle Python developer,ООО Эй Джи Софтваре,Минск,,,,https://hh.ru/vacancy/46317369,www.hh.ru
191,Senior Python Developer for Imunify [Remote],Cloud Linux,Санкт-Петербург,,,,https://hh.ru/vacancy/44259150,www.hh.ru
192,Middle developer C/Python on Linux - KernelCare [Remote],Cloud Linux,Минск,,,,https://hh.ru/vacancy/46252849,www.hh.ru
193,Python developer,ООО START.RU,Москва,,,,https://hh.ru/vacancy/46409090,www.hh.ru
194,Backend разработчик (Python),ООО Совкомбанк Технологии,Хабаровск,,,,https://hh.ru/vacancy/46465272,www.hh.ru
195,Python/Golang разработчик,ООО ИК СИБИНТЕК,Москва,,,,https://hh.ru/vacancy/46362087,www.hh.ru
196,Ведущий инженер-программист / разработчик (Python\Django),АО Омский НИИ Приборостроения,Омск,120 000,,['руб.'],https://hh.ru/vacancy/44397975,www.hh.ru
197,Pазработчик Python,IBS,Нижний Новгород,,,,https://hh.ru/vacancy/46348657,www.hh.ru
198,Программист Python,Колечкин Антон,Новосибирск,По договорённости,По договорённости,-,https://hh.ru/vacancy/46303709,www.hh.ru
199,Python разработчик в SberDevices (команда Intelligent Search),Сбер. IT,Москва,,,,https://hh.ru/vacancy/43201449,www.hh.ru
200,Разработчик Python (backend),"ПАО МегаФон, IT",Краснодар,,,,https://hh.ru/vacancy/46335325,www.hh.ru
201,Программист / Разработчик Python/Django (middle/senior),CATAPULTO.RU,Красноярск,По договорённости,По договорённости,-,https://hh.ru/vacancy/46274462,www.hh.ru
202,Senior Python Developer for Imunify [Remote],Cloud Linux,Алматы,,,,https://hh.ru/vacancy/45752111,www.hh.ru
203,Python Fullstack Developer,Playrix,Нижний Новгород,,,,https://hh.ru/vacancy/46353200,www.hh.ru
204,Python Middle Developer,Itransition,Минск,,,,https://hh.ru/vacancy/46439767,www.hh.ru
205,Программист / Разработчик Python/Django (middle/senior),CATAPULTO.RU,Казань,По договорённости,По договорённости,-,https://hh.ru/vacancy/46253862,www.hh.ru
206,Программист / Разработчик Python/Django (middle/senior),CATAPULTO.RU,Чита,По договорённости,По договорённости,-,https://hh.ru/vacancy/46274458,www.hh.ru
207,Backend разработчик Python,SBL- pharma,Москва,,300 000,['руб.'],https://hh.ru/vacancy/44010228,www.hh.ru
208,Программист-разработчик чат-ботов на Python,BOTTEC,Брянск,По договорённости,По договорённости,-,https://hh.ru/vacancy/46278494,www.hh.ru
209,Python Developer,KPMG,Ростов-на-Дону,,,,https://hh.ru/vacancy/46303710,www.hh.ru
210,"Fullstack-разработчик (Python, JS)",Stroyportal.ru - интернет-площадка,Волгоград,100 000,,['руб.'],https://hh.ru/vacancy/46306230,www.hh.ru
211,Python разработчик (удаленно),ООО АйТиКвик,Краснодар,,300 000,['руб.'],https://hh.ru/vacancy/46275837,www.hh.ru
212,Ведущий разработчик Python (Ума.Тех),ООО UMA.Tech,Москва,,,,https://hh.ru/vacancy/45639882,www.hh.ru
213,Senior Python Developer (ML/Модерация),Циан,Москва,,,,https://hh.ru/vacancy/38936126,www.hh.ru
214,Data Engineer (Python),ООО АРЕС,Санкт-Петербург,,280 000,['руб.'],https://hh.ru/vacancy/46246517,www.hh.ru
215,Python Middle Developer,Itransition,Новосибирск,,,,https://hh.ru/vacancy/42512315,www.hh.ru
216,Senior Python Developer for Imunify,Cloud Linux,Минск,,,,https://hh.ru/vacancy/44259173,www.hh.ru
217,Python developer,ООО Accenture,Санкт-Петербург,,,,https://hh.ru/vacancy/46271442,www.hh.ru
218,Senior Machine Learning Developer (Java/Python),Joom,Москва,300 000,,['руб.'],https://hh.ru/vacancy/43770378,www.hh.ru
219,Python developer (Middle),"СимбирСофт,ООО",Киров (Кировская область),,,,https://hh.ru/vacancy/46400196,www.hh.ru
220,Lead python engineer,Emphasoft,Санкт-Петербург,,,,https://hh.ru/vacancy/44238111,www.hh.ru
221,Python Auto Tester (Remote),Auriga,Москва,,,,https://hh.ru/vacancy/45799240,www.hh.ru
222,Python developer,GamesBoost42,Москва,1 800,,['EUR'],https://hh.ru/vacancy/46550983,www.hh.ru
223,Senior python developer / Teamlead (Odoo),ООО АЙКРАФТ,Москва,250 000,,['руб.'],https://hh.ru/vacancy/44394420,www.hh.ru
224,Python Developer (SPB/Remote),Grid Dynamics,Санкт-Петербург,,,,https://hh.ru/vacancy/43536761,www.hh.ru
225,Backend developer (Python),The Head,Пермь,По договорённости,По договорённости,-,https://hh.ru/vacancy/43674112,www.hh.ru
226,"Инженер по тестированию Python, Логистика",Ozon Информационные технологии,Санкт-Петербург,,,,https://hh.ru/vacancy/45855310,www.hh.ru
227,Python-разработчик,Cornerstone Russia,Москва,,,,https://hh.ru/vacancy/45861184,www.hh.ru
228,Backend developer (Python),The Head,Краснодар,По договорённости,По договорённости,-,https://hh.ru/vacancy/43674070,www.hh.ru
229,Python Developer,АО АСТ,Москва,,,,https://hh.ru/vacancy/46023825,www.hh.ru
230,Специалист по парсингу python junior/middle,ООО Liu mobile,Санкт-Петербург,60 000,,['руб.'],https://hh.ru/vacancy/46547072,www.hh.ru
231,Backend developer (Python),The Head,Санкт-Петербург,По договорённости,По договорённости,-,https://hh.ru/vacancy/43674084,www.hh.ru
232,"Младший операционный менеджер (со знанием Sql, Python)",Яндекс,Казань,По договорённости,По договорённости,-,https://hh.ru/vacancy/46446517,www.hh.ru
233,"Team Lead в Tripster (Python, Django, Celery, Redis, Elasticsearch)",Tripster,Москва,,,,https://hh.ru/vacancy/46551512,www.hh.ru
234,Ведущий Python разработчик,АО АСТ,Москва,,250 000,['руб.'],https://hh.ru/vacancy/46246724,www.hh.ru
235,Python разработчик (Middle/Senior),Лига Цифровой Экономики,Москва,,,,https://hh.ru/vacancy/46543201,www.hh.ru
236,Backend developer (Python),The Head,Москва,По договорённости,По договорённости,-,https://hh.ru/vacancy/43674097,www.hh.ru
237,"Младший операционный менеджер (со знанием Sql, Python)",Яндекс,Краснодар,По договорённости,По договорённости,-,https://hh.ru/vacancy/46445462,www.hh.ru
238,Инженер-программист Python (Воронеж),ООО Специальный Технологический Центр,Воронеж,,,,https://hh.ru/vacancy/43723134,www.hh.ru
239,Инженер-программист Python,ПАО Магнитогорский металлургический комбинат,Казань,,,,https://hh.ru/vacancy/45398263,www.hh.ru
240,Middle / Senior Python Engineer (NLP),Метинвест Диджитал,Харьков,,,,https://hh.ru/vacancy/46057537,www.hh.ru
241,Fullstack-разработчик (Python/JavaScript),"МАГНИТ, Розничная сеть",Санкт-Петербург,,,,https://hh.ru/vacancy/46608914,www.hh.ru
242,Senior Python Developer,QIWI,Москва,,,,https://hh.ru/vacancy/46625284,www.hh.ru
243,Middle Python Developer for CloudLinux OS,Cloud Linux,Донецк (Украина),,,,https://hh.ru/vacancy/46052495,www.hh.ru
244,Team Lead Python Engineer,ScrumLaunch,Киев,По договорённости,По договорённости,-,https://hh.ru/vacancy/46674353,www.hh.ru
245,Backend Senior разработчик Python / ведущий разработчик,AstraLab,Воронеж,По договорённости,По договорённости,-,https://hh.ru/vacancy/46124734,www.hh.ru
246,Team Lead Python,"Лента, федеральная розничная сеть, Офис",Санкт-Петербург,,,,https://hh.ru/vacancy/46281605,www.hh.ru
247,Backend-разработчик Middle+/Senior (Python),InvestFuture,Санкт-Петербург,По договорённости,По договорённости,-,https://hh.ru/vacancy/46328969,www.hh.ru
248,Middle Python Developer,QIWI,Москва,,,,https://hh.ru/vacancy/46661910,www.hh.ru
249,Middle/Senior Python Developer for AlmaLinux [Remote],Cloud Linux,Санкт-Петербург,,,,https://hh.ru/vacancy/46343764,www.hh.ru
250,Python Developer (Partners),"Emerging Travel Group (Ostrovok.ru, B2B.Ostrovok, RateHawk, ZenHotels)",Москва,,,,https://hh.ru/vacancy/46631801,www.hh.ru
251,ETL Developer AirFlow + Python,DBI,Ростов-на-Дону,,,,https://hh.ru/vacancy/45121184,www.hh.ru
252,Middle/Senior Разработчик Python,ООО НТ Прогресс,Москва,,,,https://hh.ru/vacancy/35871016,www.hh.ru
253,"QA-инженер (automation, python) в команду Online",2ГИС,Новосибирск,,,,https://hh.ru/vacancy/45245929,www.hh.ru
254,Middle Python developer (релокация в Сочи),"ООО Привет, Интернет",Санкт-Петербург,150 000,,['руб.'],https://hh.ru/vacancy/45555166,www.hh.ru
255,Senior Software Engineer (Python),SIT Alemira,Москва,По договорённости,По договорённости,-,https://hh.ru/vacancy/45217475,www.hh.ru
256,Middle веб-программист (Full-Stack) - Python/JS,Флексайтс,Челябинск,По договорённости,По договорённости,-,https://hh.ru/vacancy/46370660,www.hh.ru
257,QA Automation (Python),ООО Аренадата Софтвер,Москва,,,,https://hh.ru/vacancy/45905528,www.hh.ru
258,PHP/Python developer,Plesk,Новосибирск,150 000,,['руб.'],https://hh.ru/vacancy/41767380,www.hh.ru
259,Python Developer (удаленно),Hunt For You,Москва,,,,https://hh.ru/vacancy/45707555,www.hh.ru
260,"Программист, python middle",Rockylabs,Уфа,По договорённости,По договорённости,-,https://hh.ru/vacancy/46166483,www.hh.ru
261,Junior Data Engineer (Python),DataFork,Москва,По договорённости,По договорённости,-,https://hh.ru/vacancy/46176349,www.hh.ru
262,Python Team Lead,WILDBERRIES,Москва,,,,https://hh.ru/vacancy/45843752,www.hh.ru
263,Python разработчик,БАРС Груп,Мурманск,По договорённости,По договорённости,-,https://hh.ru/vacancy/46066393,www.hh.ru
264,Python developer with Big Data (office/remote),"EPAM Systems, Inc.",Санкт-Петербург,,,,https://hh.ru/vacancy/46054992,www.hh.ru
265,Программист Python,Всё здорово,Санкт-Петербург,По договорённости,По договорённости,-,https://hh.ru/vacancy/46078545,www.hh.ru
266,Python Developer,СБЕР (ООО еАптека),Москва,,,,https://hh.ru/vacancy/43423259,www.hh.ru
267,Разработчик в тестировании/SDET (Python),"СимбирСофт,ООО",Ульяновск,,,,https://hh.ru/vacancy/46237927,www.hh.ru
268,Backend-разработчик Python,Neuro.net,Нижний Новгород,120 000,,['руб.'],https://hh.ru/vacancy/45068132,www.hh.ru
269,Python Django разработчик,ООО Юником,Москва,,,,https://hh.ru/vacancy/41452084,www.hh.ru
270,Python разработчик,БАРС Груп,Ханты-Мансийск,По договорённости,По договорённости,-,https://hh.ru/vacancy/46066394,www.hh.ru
271,Python разработчик (удаленно),ООО Строительный Двор,Москва,По договорённости,По договорённости,-,https://hh.ru/vacancy/40278614,www.hh.ru
272,Python developer,Sofoil LLC,Казань,,,,https://hh.ru/vacancy/46078440,www.hh.ru
273,Python Developer,IT школа Hello world,Санкт-Петербург,,,,https://hh.ru/vacancy/45682541,www.hh.ru
274,Python разработчик Middle/Senior,ODDSCORP,Москва,По договорённости,По договорённости,-,https://hh.ru/vacancy/46030225,www.hh.ru
275,Инженер по автоматизации тестирования Python (PT XDR),Positive Technologies,Москва,,,,https://hh.ru/vacancy/46084886,www.hh.ru
276,Python Backend Developer (Middle/Remote),JetLend,Санкт-Петербург,По договорённости,По договорённости,-,https://hh.ru/vacancy/46230357,www.hh.ru
277,Python Trainee,DataArt,Херсон,,,,https://hh.ru/vacancy/46085335,www.hh.ru
278,Senior Python backend developer,Приложение «Кошелёк»,Нижний Новгород,,,,https://hh.ru/vacancy/46273507,www.hh.ru
279,Разработчик Python,ООО Электронная медицина,Ростов-на-Дону,По договорённости,По договорённости,-,https://hh.ru/vacancy/40376578,www.hh.ru
280,Python Developer,Сбер для экспертов,Москва,,,,https://hh.ru/vacancy/46453455,www.hh.ru
281,Программист Python / C++,LG Electronics Inc.,Санкт-Петербург,,,,https://hh.ru/vacancy/43821750,www.hh.ru
282,Преподаватель по Python в школу программирования для детей «Алгоритмика»,Алгоритмика::Программирование::Грозный (ИП Хачукаев Муса Магомедович),Грозный,,,,https://hh.ru/vacancy/46461017,www.hh.ru
283,QA Automation (Python),OCS Distribution,Санкт-Петербург,,,,https://hh.ru/vacancy/46452488,www.hh.ru
284,Разработчик Python в команду автоматизации сетевых сервисов,Selectel,Санкт-Петербург,,,,https://hh.ru/vacancy/42350447,www.hh.ru
285,Python разработчик (удаленно),ООО Диджитал медикэл оперейшнс,Москва,,120 000,['руб.'],https://hh.ru/vacancy/46449633,www.hh.ru
286,"Full-stack Разработчик React, Python",MINT NFT,Якутск,По договорённости,По договорённости,-,https://hh.ru/vacancy/46462771,www.hh.ru
287,Middle++/Senior Python developer,БЕТА,Санкт-Петербург,160 000,,['руб.'],https://hh.ru/vacancy/46455110,www.hh.ru
288,Разработчик Python в команду сетевых функций облака,Selectel,Санкт-Петербург,,,,https://hh.ru/vacancy/39599336,www.hh.ru
289,Python Middle Developer,Itransition,Минск,,,,https://hh.ru/vacancy/46439767,www.hh.ru
290,Разработчик Python в команду DNS,Selectel,Санкт-Петербург,150 000,,['руб.'],https://hh.ru/vacancy/42277767,www.hh.ru
291,Python Senior,СБЕРКОРУС,Москва,,,,https://hh.ru/vacancy/45613917,www.hh.ru
292,QA Automation Engineer (Python),WakeApp,Москва,,,,https://hh.ru/vacancy/46452353,www.hh.ru
293,Python/Go developer,Lamoda,Москва,,,,https://hh.ru/vacancy/46445708,www.hh.ru
294,"Аналитик/Analyst (Python, A/B платформа)",СберМаркет,Москва,,,,https://hh.ru/vacancy/46195356,www.hh.ru
295,Разработчик на Python в Лавку,Яндекс,Москва,,,,https://hh.ru/vacancy/46440166,www.hh.ru
296,"Mobile-Разработчик Flutter, Python",MINT NFT,Красноярск,По договорённости,По договорённости,-,https://hh.ru/vacancy/46458369,www.hh.ru
297,Разработчик Golang / Python ( Middle ),ПАО БыстроБанк,Ижевск,70 000,,['руб.'],https://hh.ru/vacancy/43775356,www.hh.ru
298,Senior BigData Developer with Python / Spark / AWS,Grid Dynamics,Санкт-Петербург,,,,https://hh.ru/vacancy/46440919,www.hh.ru
299,"Full-stack Разработчик React, Python",MINT NFT,Санкт-Петербург,По договорённости,По договорённости,-,https://hh.ru/vacancy/46458120,www.hh.ru
300,Разработчик Python (Uma.Tech),ООО Premier,Москва,,,,https://hh.ru/vacancy/45319598,www.hh.ru
301,Python Developer / Python разработчик,ИП Хватов Д.А.,Санкт-Петербург,,,,https://hh.ru/vacancy/45910979,www.hh.ru
302,Программист Python,"ОТП Банк, АО (OTP bank)",Москва,,,,https://hh.ru/vacancy/45395451,www.hh.ru
303,Python-разработчик,Сбер для экспертов,Иннополис,,,,https://hh.ru/vacancy/46139990,www.hh.ru
304,Python Developer with AWS Expertise (Remote),UpTeam,Санкт-Петербург,,,,https://hh.ru/vacancy/46042060,www.hh.ru
305,Senior Backend Software Engineer /Python/,InData Labs / ИнДата Лабс,Минск,,,,https://hh.ru/vacancy/46302040,www.hh.ru
306,Python-разработчик во Flow,Яндекс,Санкт-Петербург,,,,https://hh.ru/vacancy/45987512,www.hh.ru
307,"Full-stack developer (Python, SQL, JAVA, Linux)",Nokia Networks,Ростов-на-Дону,,,,https://hh.ru/vacancy/46300703,www.hh.ru
308,Backend Python Developer,Selecty,Москва,,,,https://hh.ru/vacancy/45939536,www.hh.ru
309,Разработчик на С++/Python в Яндекс.Маршрутизацию,Яндекс,Москва,,,,https://hh.ru/vacancy/45907156,www.hh.ru
310,Backend Developer Middle (Python),Krew Guru,Москва,По договорённости,По договорённости,-,https://hh.ru/vacancy/46100698,www.hh.ru
311,Python разработчик,MST,Краснодар,,,,https://hh.ru/vacancy/46085690,www.hh.ru
312,Backend разработчик python,КОМПЛИТ,Санкт-Петербург,,,,https://hh.ru/vacancy/40538840,www.hh.ru
313,Middle/Senior Backend developer Python,ООО Napoleon IT,Казань,,,,https://hh.ru/vacancy/43744286,www.hh.ru
314,Python Middle Developer,Itransition,Красноярск,,,,https://hh.ru/vacancy/44401077,www.hh.ru
315,Программист Python,ИП Понятов А. А.,Брест,1 000,,['бел.руб.'],https://hh.ru/vacancy/45951277,www.hh.ru
316,Senior python developer,ООО Ак Барс Цифровые Технологии,Казань,,,,https://hh.ru/vacancy/45644758,www.hh.ru
317,Разработчик-алгоритмист С++/Python,ООО Эвокарго,Москва,,,,https://hh.ru/vacancy/45907698,www.hh.ru
318,Back-End разработчик - Python,HUAWEI,Москва,,,,https://hh.ru/vacancy/45598333,www.hh.ru
319,Python developer with AWS expertise,Deutsche Telekom IT Solutions (ex.T-Systems),Санкт-Петербург,,,,https://hh.ru/vacancy/44778866,www.hh.ru
320,Middle Python Developer (Online Retailer),DataArt,Харьков,,,,https://hh.ru/vacancy/46539491,www.hh.ru
321,Middle Python Developer (Online Retailer),DataArt,Харьков,,,,https://hh.ru/vacancy/46539688,www.hh.ru
322,Python test automation engineer (Cloud Systems),Центр разработки Orion Innovation (ранее MERA),Нижний Новгород,,,,https://hh.ru/vacancy/46668764,www.hh.ru
323,Middle QA Automation (Python) Engineer (Crypto Security Solution),DataArt,Харьков,,,,https://hh.ru/vacancy/46539617,www.hh.ru
324,Инженер-разработчик (программист Python),ООО Парус электро,Москва,,,,https://hh.ru/vacancy/46447886,www.hh.ru
325,"Full-stack Developer (React, Python)",MINT NFT,Москва,По договорённости,По договорённости,-,https://hh.ru/vacancy/46604456,www.hh.ru
326,Fullstack-разработчик (Python/JavaScript),"МАГНИТ, Розничная сеть",Воронеж,,,,https://hh.ru/vacancy/46608915,www.hh.ru
327,Fullstack-разработчик (Python/JavaScript),"МАГНИТ, Розничная сеть",Санкт-Петербург,,,,https://hh.ru/vacancy/46608914,www.hh.ru
328,Fullstack-разработчик (Python/JavaScript),"МАГНИТ, Розничная сеть",Казань,,,,https://hh.ru/vacancy/46608917,www.hh.ru
329,"Web-разработчик (React, Python)",BeeJee,Санкт-Петербург,По договорённости,По договорённости,-,https://hh.ru/vacancy/45795577,www.hh.ru
330,Senior Python Developer (Media Distribution Platform),DataArt,Киев,,,,https://hh.ru/vacancy/46519153,www.hh.ru
331,Lead Full Stack (Python + React) Engineer (Online Education Solutions),DataArt,Одесса,,,,https://hh.ru/vacancy/46539874,www.hh.ru
332,Архитектор программного продукта Python/Django (Ведущий разработчик),ООО DATUM Group,Ростов-на-Дону,,,,https://hh.ru/vacancy/46124305,www.hh.ru
333,"Программист разработчик (Python, Java, Javascript, PHP) Junior web developer",Pro-подбор,Москва,По договорённости,По договорённости,-,https://hh.ru/vacancy/46574931,www.hh.ru
334,Fullstack-разработчик (Python/JavaScript),"МАГНИТ, Розничная сеть",Нижний Новгород,,,,https://hh.ru/vacancy/46608918,www.hh.ru
335,Fullstack-разработчик (Python/JavaScript),"МАГНИТ, Розничная сеть",Самара,,,,https://hh.ru/vacancy/46608916,www.hh.ru
336,Middle веб-программист (Full-Stack) - Python/JS,Флексайтс,Челябинск,По договорённости,По договорённости,-,https://hh.ru/vacancy/46370660,www.hh.ru
337,Middle/Senior Auto Test Engineer QA Python,CQG,Самара,,,,https://hh.ru/vacancy/45940107,www.hh.ru
338,Middle / Senior Automation QA engineer (Python),Dish Ukraine,Харьков,,,,https://hh.ru/vacancy/45830450,www.hh.ru
339,Преподаватель курса Python для детей (удалённо),Школа программирования Kodland,Москва,,50 000,['руб.'],https://hh.ru/vacancy/41907141,www.hh.ru
340,Преподаватель программирования (Python),Movavi,Новосибирск,,,,https://hh.ru/vacancy/44546605,www.hh.ru
341,Ведущий инженер по автоматизированному тестированию (Senior QA automation Python),ICL Services,Казань,,,,https://hh.ru/vacancy/44392004,www.hh.ru
342,Тестировщик-автоматизатор (Python),HintHero,Москва,,,,https://hh.ru/vacancy/46509052,www.hh.ru
343,Full-Stack Developer (Python & Vue.js),Brane,Санкт-Петербург,,,,https://hh.ru/vacancy/46208933,www.hh.ru
344,Разработчик 1С со знанием Python,Fastzila,Москва,,,,https://hh.ru/vacancy/46515079,www.hh.ru
345,"Middle Web Developer (Python, Javascript) remote","МАГНИТ, Розничная сеть",Москва,,,,https://hh.ru/vacancy/45878663,www.hh.ru
346,"Инженер по автоматизации тестирования Python, Логистика / Центральные логистические системы",Ozon Информационные технологии,Москва,,,,https://hh.ru/vacancy/46510870,www.hh.ru
347,Преподаватель по программированию Python / графический дизайн / видеоблоггинг / геймдизайн,Алгоритмика::Пятигорск (ИП Залесская Оксана Васильевна),Пятигорск,По договорённости,По договорённости,-,https://hh.ru/vacancy/46504797,www.hh.ru
348,Преподаватель Python в учебном центре,ООО Эдюкейшн груп,Северск (Томская область),По договорённости,По договорённости,-,https://hh.ru/vacancy/46181653,www.hh.ru
349,Преподаватель Python в учебном центре,ООО Эдюкейшн груп,Томск,По договорённости,По договорённости,-,https://hh.ru/vacancy/46181654,www.hh.ru
350,Инженер по автоматическому тестированию (Python).,Auriga,Ростов-на-Дону,,,,https://hh.ru/vacancy/46479337,www.hh.ru
351,Инженер по автоматическому тестированию (Python).,Auriga,Санкт-Петербург,,,,https://hh.ru/vacancy/46479339,www.hh.ru
352,QA automation Specialist (Python),ООО Опендэв,Саратов,,,,https://hh.ru/vacancy/44139002,www.hh.ru
353,Python Middle Developer,Itransition,Гомель,,,,https://hh.ru/vacancy/46468323,www.hh.ru
354,TeamLead Python разработки / руководитель группы разработчиков (Python),X5 RETAIL GROUP,Москва,,,,https://hh.ru/vacancy/46476951,www.hh.ru
355,Python Middle Developer,Itransition,Гродно,,,,https://hh.ru/vacancy/46468396,www.hh.ru
356,Python Middle Developer,Itransition,Витебск,,,,https://hh.ru/vacancy/46468367,www.hh.ru
357,QA specialist (Python),Город Иннополис,Тамбов,По договорённости,По договорённости,-,https://hh.ru/vacancy/46463626,www.hh.ru
358,"Инженер со знанием Python'а (3D, геометрия)",Align Technology,Москва,,,,https://hh.ru/vacancy/44827994,www.hh.ru
359,"Администратор (Linux, python)",Банк Русский Стандарт,Москва,100 000,,['руб.'],https://hh.ru/vacancy/45858316,www.hh.ru
360,Python Developer Middle / Senior (SberDevices/ Платформа Layer - монетизация видео-контента),Сбер. IT,Санкт-Петербург,По договорённости,По договорённости,-,https://hh.ru/vacancy/46066761,www.hh.ru
361,Преподаватель направления «Разработка программного обеспечения Python»,Санкт-Петербургский политехнический университет Петра Великого (ФГАОУ ВО СПбПУ),Санкт-Петербург,,,,https://hh.ru/vacancy/46085028,www.hh.ru
362,Senior Python developer (office/remote),"EPAM Systems, Inc.",Санкт-Петербург,,,,https://hh.ru/vacancy/46054966,www.hh.ru
363,Python разработчик,Andersen,Москва,,,,https://hh.ru/vacancy/46040913,www.hh.ru
364,Python Developer with AWS Expertise (Remote),UpTeam,Санкт-Петербург,,,,https://hh.ru/vacancy/46042060,www.hh.ru
365,Разработчик Android/Python,"Агрокультура, управляющая компания",Рязань,,,,https://hh.ru/vacancy/44666341,www.hh.ru
366,Python Developer Middle / Senior (SberDevices/ Платформа Layer - монетизация видео-контента),Сбер. IT,Москва,По договорённости,По договорённости,-,https://hh.ru/vacancy/46066760,www.hh.ru
367,Python Разработчик / Team Lead,Медиалогия,Москва,120 000,,['руб.'],https://hh.ru/vacancy/44714979,www.hh.ru
368,Тестировщик / Ведущий тестировщик (Python),Polymedia,Москва,,,,https://hh.ru/vacancy/44726091,www.hh.ru
369,Python разработчик Middle/Senior,ODDSCORP,Москва,По договорённости,По договорённости,-,https://hh.ru/vacancy/46030225,www.hh.ru
370,TeamLead Python-разработчик (УЦТР),Сбер. IT,Москва,,,,https://hh.ru/vacancy/45385037,www.hh.ru
371,Backend-разработчик (PHP/Python/Golang),Siberian Wellness,Новосибирск,По договорённости,По договорённости,-,https://hh.ru/vacancy/45407346,www.hh.ru
372,Python разработчик (django),ООО РАБЛЗ,Москва,,350 000,['руб.'],https://hh.ru/vacancy/43889597,www.hh.ru
373,"Coding (Python, Scratch, Web design) Tutor/Teacher for children at Kodland",Школа программирования Kodland,Санкт-Петербург,,,,https://hh.ru/vacancy/46060479,www.hh.ru
374,Python разработчик (удаленно),ООО АйТиКвик,Санкт-Петербург,,300 000,['руб.'],https://hh.ru/vacancy/46014239,www.hh.ru
375,Middle+/Senior Python разработчик (удаленно),Cellar door,Санкт-Петербург,,300 000,['руб.'],https://hh.ru/vacancy/39339342,www.hh.ru
376,Ведущий Python разработчик,ODDSCORP,Москва,По договорённости,По договорённости,-,https://hh.ru/vacancy/46030221,www.hh.ru
377,"Coding (Python, Scratch, Web design) Tutor/Teacher for children at Kodland",Школа программирования Kodland,Казань,,,,https://hh.ru/vacancy/46060481,www.hh.ru
378,"Coding (Python, Scratch, Web design) Tutor/Teacher for children at Kodland",Школа программирования Kodland,Екатеринбург,,,,https://hh.ru/vacancy/46060480,www.hh.ru
379,Senior Python Developer (reporting/analytics engine),Netcracker Technology Corp.,Самара,,,,https://hh.ru/vacancy/46012452,www.hh.ru
380,"Coding (Python, Scratch, Web design) Tutor/Teacher for children at Kodland",Школа программирования Kodland,Санкт-Петербург,,,,https://hh.ru/vacancy/46060479,www.hh.ru
381,Teamlead of python developers (telecom) / Руководитель группы разработки,Neuro.net,Нижний Новгород,,,,https://hh.ru/vacancy/46038560,www.hh.ru
382,"Coding (Python, Scratch, Web design) Tutor/Teacher for children at Kodland",Школа программирования Kodland,Казань,,,,https://hh.ru/vacancy/46060481,www.hh.ru
383,"Coding (Python, Scratch, Web design) Tutor/Teacher for children at Kodland",Школа программирования Kodland,Екатеринбург,,,,https://hh.ru/vacancy/46060480,www.hh.ru
384,QA Automation Engineer (Python),Grid Dynamics,Санкт-Петербург,,,,https://hh.ru/vacancy/46002351,www.hh.ru
385,Разработчик Python (Senior Developer/middle),ООО РСХБ-Интех,Москва,,,,https://hh.ru/vacancy/44791149,www.hh.ru
386,"Инженер по автоматизации тестирования Python, Логистика / TMS",Ozon Информационные технологии,Москва,,,,https://hh.ru/vacancy/42878583,www.hh.ru
387,Web-разработчик / Backend программист Python,ORBIS,Калуга,По договорённости,По договорённости,-,https://hh.ru/vacancy/45973716,www.hh.ru
388,"Специалист по моделированию (Excel, Python, VBA)","СУЭК, Сибирская Угольная Энергетическая Компания",Москва,,,,https://hh.ru/vacancy/46025463,www.hh.ru
389,Automation QA Engineer (Python),Andersen,Одесса,,,,https://hh.ru/vacancy/45992413,www.hh.ru
390,Разработчик Python (мониторинг инфраструктуры),Сбер. IT,Москва,,,,https://hh.ru/vacancy/45277764,www.hh.ru
391,Automation QA Engineer (Python),Andersen,Харьков,,,,https://hh.ru/vacancy/45992414,www.hh.ru
392,"Инженер по автоматизации тестирования Python, Логистическая платформа/Доставка",Ozon Информационные технологии,Санкт-Петербург,,,,https://hh.ru/vacancy/44288442,www.hh.ru
393,QA Automation Engineer / Автотестировщик (Python),ПАО «КАМАЗ»,Санкт-Петербург,,,,https://hh.ru/vacancy/43571843,www.hh.ru
394,"Python-разработчик (pre-middle, middle)",ПАО Татнефть,Альметьевск,,125 000,['руб.'],https://hh.ru/vacancy/41096302,www.hh.ru
395,Python Course Online Tutor/Teacher at Kodland,Школа программирования Kodland,Москва,,80 000,['руб.'],https://hh.ru/vacancy/43773571,www.hh.ru
396,"Инженер по автоматизации тестирования Python, Клиентские сервисы / Сопровождение торговой площадки",Ozon Информационные технологии,Москва,,,,https://hh.ru/vacancy/39872167,www.hh.ru
397,Senior Python Backend Developer / WEB - разработчик,ООО Перфект Системс,Ташкент,2 400,,['USD'],https://hh.ru/vacancy/46126509,www.hh.ru
398,Python Backend Developer / WEB - разработчик,ООО Перфект Системс,Ташкент,2 400,,['USD'],https://hh.ru/vacancy/46126291,www.hh.ru
399,Middle/Senior/Lead Python Software Engineer,Godel Technologies Europe,Минск,,,,https://hh.ru/vacancy/42140942,www.hh.ru
